{
  "modelVersion": "1.0.0",
  "trainedDate": "2025-11-06T22:06:06.570477",
  "numFeatures": 51,
  "architecture": "51\u2192128\u219264\u219232\u219216\u21921",
  "trainingSize": 2940,
  "testSize": 735,
  "performance": {
    "testMAE": 6.072991847991943,
    "testLoss": 307.2999267578125,
    "baselineMAE": 49.31229782104492,
    "improvement": 87.68463134765625
  },
  "training": {
    "epochs": 100,
    "batchSize": 32,
    "learningRate": 0.001,
    "validationSplit": 0.2,
    "trainingTime": 30.190717458724976
  }
}