{
  "version": "1.0.0",
  "trainedOn": "2025-11-05T02:59:37.282Z",
  "trainingSamples": 90,
  "testMAE": 0.0735,
  "baselineMAE": 1.8889,
  "improvement": 96.1,
  "features": [
    "memoryStrength",
    "difficultyRating",
    "timeSinceLastReview",
    "successRate",
    "averageResponseTime",
    "totalReviews",
    "consecutiveCorrect",
    "timeOfDay"
  ],
  "normalization": {
    "mean": [
      6.388888835906982,
      0.2568783164024353,
      0.00023868633434176445,
      0.7431216835975647,
      2.9964685440063477,
      2.597222328186035,
      0.3611111044883728,
      0.8333333134651184
    ],
    "std": [
      11.58010196685791,
      0.3223271667957306,
      0.000339125981554389,
      0.3223271667957306,
      0.7494488954544067,
      1.4592589139938354,
      0.7323014140129089,
      9.99999993922529e-9
    ]
  }
}