{
  "modelVersion": "1.0.0",
  "trainedDate": "2025-11-12T07:44:15.870862",
  "numFeatures": 51,
  "architecture": "51\u2192128\u219264\u219232\u219216\u21921",
  "trainingSize": 3518,
  "testSize": 880,
  "performance": {
    "testMAE": NaN,
    "testLoss": NaN,
    "baselineMAE": 4909.95751953125,
    "improvement": NaN
  },
  "training": {
    "epochs": 100,
    "batchSize": 32,
    "learningRate": 0.001,
    "validationSplit": 0.2,
    "trainingTime": 22.001038074493408
  }
}