{
  "mean": [
    52.53031539916992,
    0.34255102276802063,
    0.03014073520898819,
    0.6574817895889282,
    4.2875752449035645,
    5.654775142669678,
    1.4017232656478882,
    0.7044162750244141,
    0.6572916507720947,
    0.6681893467903137,
    0.7879817485809326,
    1.7566331624984741,
    3.343642473220825,
    0.07684095203876495,
    2.8124401569366455,
    49.58757781982422,
    -0.049672454595565796,
    1.7832823991775513,
    146.36874389648438,
    431.6031799316406,
    4.714240550994873,
    3.7264723777770996,
    4.332827568054199,
    101469.2578125,
    0.19327451288700104,
    284.6766357421875,
    0.5083896517753601,
    491216320.0,
    3.452044725418091,
    2.1915197372436523,
    0.5730013847351074,
    29.348697662353516,
    -0.7185823321342468,
    0.16414980590343475,
    0.0,
    0.24467499554157257,
    0.7553806304931641,
    0.6493704915046692,
    4.287360191345215,
    -0.032731544226408005,
    5.698855400085449,
    5.266836166381836,
    -0.008063499815762043,
    0.6409939527511597,
    -0.0328068844974041,
    0.6386620402336121,
    2.0021705627441406,
    0.5117031335830688,
    0.5017302632331848,
    0.5564436316490173,
    14.290627479553223
  ],
  "std": [
    312.8775634765625,
    0.2743154764175415,
    16.814699172973633,
    0.27434059977531433,
    2.154151678085327,
    4.744532108306885,
    2.0280940532684326,
    0.2062586545944214,
    0.45636337995529175,
    0.4563659131526947,
    1.1142808198928833,
    1.4933580160140991,
    5.105724334716797,
    8.959738731384277,
    13.980013847351074,
    305.95672607421875,
    9.421538352966309,
    2.3191497325897217,
    894.3092041015625,
    3498.6025390625,
    12.967446327209473,
    3.7113149166107178,
    3.827909469604492,
    1837980.375,
    0.21474698185920715,
    802.9622802734375,
    0.3532871901988983,
    15157341184.0,
    6.362064838409424,
    0.916799783706665,
    0.4496345520019531,
    42.8343620300293,
    0.34250110387802124,
    0.536745011806488,
    9.99999993922529e-09,
    0.4108104705810547,
    0.41083860397338867,
    0.2842089533805847,
    2.1704132556915283,
    0.2579537332057953,
    17.70403289794922,
    7.690850734710693,
    0.06031760573387146,
    0.7460372447967529,
    0.2579541802406311,
    0.2732502520084381,
    3.4035990238189697,
    0.39331430196762085,
    0.41290512681007385,
    0.4204140901565552,
    100.8379135131836
  ]
}