{
  "mean": [
    103.34779357910156,
    0.36119315028190613,
    1.6277897357940674,
    0.638680100440979,
    4.38499116897583,
    5.833722114562988,
    1.4042315483093262,
    0.689759373664856,
    0.6066444516181946,
    0.617843508720398,
    0.9393022060394287,
    1.7811888456344604,
    4.343643665313721,
    0.918777585029602,
    2.884505033493042,
    100.19178009033203,
    0.711348295211792,
    1.92884361743927,
    237.33139038085938,
    901.1152954101562,
    4.876657485961914,
    3.6916351318359375,
    4.4009175300598145,
    498023.90625,
    0.21015039086341858,
    292.0707092285156,
    0.48766329884529114,
    3843661056.0,
    3.9832582473754883,
    2.2378902435302734,
    0.5816158056259155,
    28.313480377197266,
    -0.6864346265792847,
    0.1361982524394989,
    0.0,
    0.2787051200866699,
    0.7211490869522095,
    0.6270261406898499,
    4.417716026306152,
    -0.03519386798143387,
    6.4367523193359375,
    6.879937171936035,
    -0.011778295040130615,
    0.6288183331489563,
    -0.035270221531391144,
    0.6196379661560059,
    2.076528310775757,
    0.4765562415122986,
    0.481487900018692,
    0.5201784372329712,
    30.76894187927246
  ],
  "std": [
    698.2680053710938,
    0.2810496687889099,
    16.95218276977539,
    0.2810993790626526,
    2.217118978500366,
    4.67042875289917,
    2.11806321144104,
    0.2136206328868866,
    0.46995168924331665,
    0.4712509214878082,
    1.1995189189910889,
    1.6024177074432373,
    6.297478199005127,
    9.33181095123291,
    13.97121810913086,
    695.1570434570312,
    9.152313232421875,
    2.3920700550079346,
    1504.2515869140625,
    6910.990234375,
    14.004404067993164,
    3.7073233127593994,
    3.784766435623169,
    5757535.5,
    0.22066937386989594,
    773.070556640625,
    0.3594108521938324,
    52382486528.0,
    9.341747283935547,
    0.9030152559280396,
    0.4501575529575348,
    42.49059295654297,
    0.35218381881713867,
    0.5714694261550903,
    9.99999993922529e-09,
    0.4290478229522705,
    0.4289915859699249,
    0.299053430557251,
    2.283500909805298,
    0.2612825632095337,
    20.217525482177734,
    8.719110488891602,
    0.06153034791350365,
    0.7636588215827942,
    0.26132431626319885,
    0.28125491738319397,
    3.7172324657440186,
    0.4027271568775177,
    0.4118887782096863,
    0.43242400884628296,
    228.23463439941406
  ]
}