{
  "mean": [
    16329.0107421875,
    0.3479829728603363,
    2.0077426433563232,
    0.6520205736160278,
    4.29401159286499,
    6.868945598602295,
    1.631330132484436,
    0.6570615768432617,
    0.6302128434181213,
    0.6416146159172058,
    0.8744736313819885,
    1.7813432216644287,
    4.0327348709106445,
    1.0921350717544556,
    3955.407958984375,
    12524.140625,
    0.9144131541252136,
    1.8067833185195923,
    50087.87109375,
    33794.9609375,
    6.477004051208496,
    4.540414333343506,
    5.2696709632873535,
    596713996288.0,
    0.1957685351371765,
    246.30374145507812,
    0.49979937076568604,
    NaN,
    6.936297416687012,
    2.4004642963409424,
    0.596479058265686,
    27.461368560791016,
    -0.6216548085212708,
    0.18316657841205597,
    0.00045159534784033895,
    0.25332412123680115,
    0.7461254596710205,
    0.6375664472579956,
    4.344908237457275,
    -0.019509563222527504,
    16462.962890625,
    6.161704063415527,
    -0.014458484016358852,
    0.6643247008323669,
    -0.01946880668401718,
    0.6265729069709778,
    2.1633660793304443,
    0.49665567278862,
    0.46882277727127075,
    0.5408012270927429,
    5079.078125
  ],
  "std": [
    684774.1875,
    0.27199360728263855,
    15.511068344116211,
    0.2720075845718384,
    2.153355836868286,
    5.797914028167725,
    2.564418315887451,
    0.2476295381784439,
    0.46124768257141113,
    0.46158939599990845,
    1.1759591102600098,
    1.6926853656768799,
    6.211144924163818,
    8.51473331451416,
    164324.21875,
    520399.8125,
    8.578121185302734,
    2.2938456535339355,
    2115924.0,
    1369722.125,
    20.199539184570312,
    4.61671781539917,
    4.736989974975586,
    24954932297728.0,
    0.21267811954021454,
    704.9898071289062,
    0.3493736684322357,
    NaN,
    114.27173614501953,
    1.0437954664230347,
    0.4481283724308014,
    41.73432922363281,
    0.44311919808387756,
    0.5687829256057739,
    0.01878734491765499,
    0.41507503390312195,
    0.4154161810874939,
    0.29376837611198425,
    2.2230470180511475,
    0.2719608247280121,
    684718.625,
    8.591996192932129,
    0.07425772398710251,
    0.8265117406845093,
    0.2719392478466034,
    0.2725631594657898,
    3.9047257900238037,
    0.3965105414390564,
    0.40227010846138,
    0.4256741404533386,
    210149.421875
  ]
}